batsman,avg.runs,4's,6's,50's,100's,no of balls,batsman_runs,strike,30's,values
KL Rahul,46.0,116,57,13,2,873,1288,147.537227949599,17,0.7722082502472667
RR Pant,40.9333333333333,104,65,9,1,723,1228,169.84785615491,16,0.7340788513874388
S Dhawan,33.46875,125,25,9,0,771,1071,138.910505836575,15,0.6344107565793055
AB de Villiers,39.25,70,56,11,0,575,942,163.826086956521,12,0.6337243644473866
AD Russell,32.2592592592592,49,82,7,0,453,871,192.273730684326,13,0.6242859940454212
DA Warner,60.5833333333333,58,22,9,1,496,727,146.572580645161,10,0.6231464346480003
V Kohli,36.1071428571428,98,31,8,1,717,1011,141.004184100418,14,0.6158249671424186
JC Buttler,43.0,91,36,8,0,579,903,155.958549222797,11,0.6125426771537511
CH Gayle,37.875,77,61,8,2,599,909,151.752921535893,11,0.603630308444366
KS Williamson,34.9230769230769,77,33,8,0,656,908,138.414634146341,15,0.5994182270177942
AS Yadav,33.1724137931034,106,26,6,0,720,962,133.611111111111,15,0.5975570800327096
CA Lynn,31.8620689655172,96,40,7,0,679,924,136.082474226804,14,0.5901755213249769
SR Watson,30.8125,86,56,7,2,690,986,142.898550724637,12,0.5834801164820224
MS Dhoni,33.9629629629629,48,51,6,0,638,917,143.73040752351,13,0.56992365131265
SS Iyer,31.2758620689655,72,35,6,0,715,907,126.853146853146,14,0.5575210029366269
SK Raina,27.09375,91,21,7,0,675,867,128.444444444444,13,0.5292868114626327
AT Rayudu,27.5757575757575,75,41,5,1,717,910,126.917712691771,12,0.524844741792771
SV Samson,31.1153846153846,60,32,5,1,563,809,143.694493783303,11,0.5128400989547229
Q de Kock,31.7916666666666,68,34,5,0,570,763,133.859649122807,11,0.5114730656171008
KD Karthik,28.0357142857142,72,30,4,1,530,785,148.113207547169,11,0.5023500716055225
AM Rahane,29.3703703703703,85,14,3,1,613,793,129.363784665579,12,0.49622824895785594
J Bairstow,46.8,50,18,4,1,293,468,159.726962457337,7,0.4919159712615587
HH Pandya,25.4285714285714,50,41,2,0,430,712,165.581395348837,9,0.464723631218246
RV Uthappa,24.7407407407407,58,31,2,0,532,668,125.563909774436,11,0.44762558066068525
PA Patel,27.6,68,14,3,0,384,552,143.75,10,0.44437244882144866
RG Sharma,24.3793103448275,77,21,4,0,542,707,130.442804428044,9,0.4418200957197511
N Rana,25.6538461538461,53,35,4,0,480,667,138.958333333333,8,0.43675520924203404
F du Plessis,32.1666666666666,54,21,3,0,456,579,126.973684210526,8,0.4312083965667295
SP Narine,22.1666666666666,59,34,3,0,288,532,184.722222222222,7,0.43005405479870973
MK Pandey,27.0416666666666,58,11,6,0,524,649,123.854961832061,8,0.4195073347857555
P Shaw,24.64,72,19,4,1,435,616,141.609195402298,7,0.41574555247102607
E Lewis,29.0,36,26,4,0,343,464,135.276967930029,8,0.4104674691112775
S Gill,22.4782608695652,43,15,4,0,384,517,134.635416666666,6,0.3610918672577407
SPD Smith,33.4,32,4,3,0,283,334,118.021201413427,5,0.346080327588254
MA Agarwal,19.25,35,19,2,0,335,462,137.910447761194,6,0.33599875824894687
M Ali,22.2142857142857,20,23,3,0,183,311,169.945355191256,4,0.3343755833192508
KA Pollard,21.5,25,27,2,0,290,430,148.275862068965,4,0.3296815711952544
Ishan Kishan,21.7777777777777,30,21,2,0,291,392,134.707903780068,5,0.3258249212974871
KK Nair,24.0,24,13,1,0,231,312,135.064935064935,6,0.32350048158136807
V Shankar,20.5652173913043,22,23,1,0,352,473,134.375,5,0.32144257237635465
KH Pandya,16.1111111111111,40,16,0,0,322,435,135.093167701863,6,0.31110237568667587
N Pooran,29.5,10,14,0,0,110,177,160.90909090909,3,0.30922678806902004
Mandeep Singh,17.4,26,15,0,0,316,435,137.658227848101,6,0.3088925831357172
R Parag,33.8,18,5,1,0,133,169,127.067669172932,3,0.30191072727711127
I Sharma,10.0,1,1,0,0,3,10,333.333333333333,0,0.2936023777744598
RA Tripathi,20.0,30,11,2,0,296,380,128.378378378378,4,0.29319011800416644
DA Miller,24.0,23,9,2,0,241,312,129.460580912863,3,0.28734948514391423
Gurkeerat Singh,34.6666666666666,11,2,1,0,73,104,142.465753424657,1,0.2824925279266456
MP Stoinis,18.7647058823529,20,14,0,0,237,319,134.599156118143,4,0.27572056040409365
BB McCullum,23.0,16,5,0,0,91,138,151.648351648351,3,0.26736323771989756
SN Khan,21.7272727272727,26,6,1,0,188,239,127.127659574468,3,0.26454792271745636
MJ Guptill,27.3333333333333,4,7,0,0,54,82,151.851851851851,2,0.26424215157053504
KC Cariappa,9.0,0,1,0,0,3,9,300.0,0,0.2637981905676115
A Hales,25.3333333333333,14,6,0,0,119,152,127.731092436974,3,0.26049769654333105
YK Pathan,15.95,23,12,0,0,258,319,123.643410852713,3,0.24575288184813804
BA Stokes,15.7619047619047,21,10,0,0,266,331,124.436090225563,3,0.24365710241614286
JJ Roy,25.4,9,7,1,0,98,127,129.591836734693,1,0.24033003016960014
Shakib Al Hasan,18.5,25,7,0,0,214,259,121.028037383177,2,0.23468508232607088
HV Patel,20.3333333333333,1,6,0,0,36,61,169.444444444444,1,0.23320461556814456
C de Grandhomme,15.5833333333333,9,12,0,0,137,187,136.496350364963,3,0.2324558425192832
C Munro,18.75,16,8,0,0,113,150,132.743362831858,2,0.2292386007420245
SN Thakur,9.66666666666666,4,1,0,0,12,29,241.666666666666,0,0.22695843925387932
WP Saha,14.8666666666666,30,2,0,0,163,223,136.80981595092,2,0.2259903672727199
Mohammad Nabi,16.0,11,7,0,0,92,144,156.521739130434,1,0.22027401813797057
DJ Bravo,13.1111111111111,14,12,1,0,161,236,146.583850931677,1,0.21984421542388394
M Vijay,26.3333333333333,6,2,0,0,72,79,109.722222222222,1,0.2147369006492314
H Brar,22.0,2,1,0,0,14,22,157.142857142857,0,0.21276206069176676
AJ Finch,15.5555555555555,6,8,0,0,102,140,137.254901960784,2,0.21241153740190333
L Livingstone,18.0,6,5,0,0,48,72,150.0,1,0.21220730398432577
S Curran,11.875,13,3,1,0,55,95,172.727272727272,1,0.21214080566399418
GJ Maxwell,14.5,15,9,0,0,122,174,142.622950819672,1,0.21090663995571765
SP Goswami,20.0,6,1,0,0,42,60,142.857142857142,1,0.21037542775487525
C Ingram,15.5833333333333,20,5,0,0,157,187,119.108280254777,2,0.20948283121446606
B Stanlake,5.0,1,0,0,0,2,5,250.0,0,0.20914387181405936
D Short,17.5714285714285,11,5,0,0,102,123,120.588235294117,2,0.20716635485033125
Ankit Sharma,12.8333333333333,4,5,0,0,45,77,171.111111111111,1,0.2058395335502787
K Gowtham,8.70588235294117,10,10,0,0,86,148,172.093023255814,1,0.20416980538324372
Yuvraj Singh,17.4,14,8,1,0,157,174,110.828025477707,1,0.20216170556299184
R Ashwin,10.7857142857142,10,8,0,0,104,151,145.192307692307,2,0.20198152417303117
BCJ Cutting,12.8888888888888,6,9,0,0,76,116,152.631578947368,1,0.20080663313411332
CR Brathwaite,15.5,2,8,0,0,64,93,145.3125,1,0.20071662004478374
S Hetmyer,18.6,4,7,1,0,76,93,122.368421052631,1,0.2007076070032843
JP Duminy,24.0,3,1,0,0,46,48,104.347826086956,1,0.19535969609905118
RA Jadeja,12.8823529411764,10,8,0,0,174,219,125.862068965517,1,0.19243249643493923
KM Jadhav,15.2307692307692,21,5,1,0,195,198,101.538461538461,1,0.19043411012910896
SW Billings,12.4444444444444,9,5,1,0,83,112,134.939759036144,1,0.18754135582274534
STR Binny,11.6,7,6,0,0,81,116,143.209876543209,1,0.18639247162644917
S Rutherford,11.7142857142857,2,7,0,0,55,82,149.090909090909,1,0.18595340377900357
Rashid Khan,7.0,5,8,0,0,58,98,168.965517241379,1,0.1854313136846691
Washington Sundar,10.0,5,4,0,0,44,70,159.090909090909,1,0.18425144939142854
M Santner,17.5,0,3,0,0,25,35,140.0,0,0.1832263329266441
G Gambhir,18.2,8,1,1,0,91,91,100.0,1,0.17938162454778606
DL Chahar,9.83333333333333,2,4,0,0,40,59,147.5,1,0.172124729277684
M Vohra,14.75,2,4,0,0,50,59,118.0,1,0.1705179453977198
AR Patel,10.0,14,7,0,0,161,200,124.223602484472,0,0.16843329052190292
S Sharma,4.0,2,0,0,0,4,8,200.0,0,0.16839611517305503
R Vinay Kumar,7.0,1,0,0,0,4,7,175.0,0,0.16134811778738942
S Gopal,10.6363636363636,13,1,0,0,93,117,125.806451612903,0,0.15815487482805143
DJ Hooda,10.8,7,4,0,0,154,162,105.194805194805,1,0.15799640235626072
H Klaasen,11.3333333333333,5,1,0,0,58,68,117.241379310344,1,0.15578828430503344
TG Southee,12.2,5,1,0,0,55,61,110.90909090909,1,0.15400312353169693
MG Johnson,8.5,2,0,0,0,11,17,154.545454545454,0,0.15373397785366705
SD Lad,15.0,1,1,0,0,13,15,115.384615384615,0,0.15139113314532895
A Joseph,15.0,2,0,0,0,13,15,115.384615384615,0,0.1510764989989875
MK Tiwary,12.25,4,1,0,0,45,49,108.888888888888,1,0.15093326457251155
J Archer,7.72727272727272,6,4,0,0,62,85,137.096774193548,0,0.14996653629042528
R Singh,10.4285714285714,5,2,0,0,68,73,107.35294117647,1,0.14617060347115476
CH Morris,9.0,4,4,0,0,64,81,126.5625,0,0.14585311268724438
P R Barman,20.0,2,0,0,0,25,20,80.0,0,0.14583420285256707
S Singh,17.0,1,1,0,0,18,17,94.4444444444444,0,0.14420905825298064
R Tewatia,9.33333333333333,7,2,0,0,69,84,121.739130434782,0,0.14392943119282078
S Dube,10.0,1,3,0,0,33,40,121.212121212121,0,0.13935800291731285
AD Nath,11.8333333333333,6,2,0,0,71,71,100.0,0,0.1363780067944202
P Chopra,8.0,2,0,0,0,6,8,133.333333333333,0,0.13494817655387067
M Lomror,9.33333333333333,3,0,0,0,24,28,116.666666666666,0,0.1305158788953512
JD Unadkat,7.14285714285714,6,1,0,0,41,50,121.951219512195,0,0.1302528065171862
J Searles,4.0,0,1,0,0,6,8,133.333333333333,0,0.1181566208790292
Avesh Khan,4.0,1,0,0,0,3,4,133.333333333333,0,0.11746262038702703
PP Chawla,7.2,5,3,0,0,74,72,97.2972972972973,0,0.11569239112853351
R Salam,5.0,0,0,0,0,4,5,125.0,0,0.1148397433736923
Harbhajan Singh,8.75,3,1,0,0,41,35,85.3658536585365,0,0.10648113712108997
DT Christian,9.33333333333333,0,1,0,0,33,28,84.8484848484848,0,0.10597329869640539
A Mishra,5.6,2,0,0,0,28,28,100.0,0,0.10210184484818034
M Markande,4.42857142857142,3,0,0,0,30,31,103.333333333333,0,0.10064668007198217
DS Kulkarni,3.66666666666666,1,0,0,0,10,11,110.0,0,0.09929113328818047
TA Boult,2.33333333333333,0,1,0,0,6,7,116.666666666666,0,0.09870140203531656
AJ Tye,4.55555555555555,2,1,0,0,42,41,97.6190476190476,0,0.09825123283200501
RD Chahar,3.0,2,0,0,0,11,12,109.090909090909,0,0.09655885900086773
M Ur Rahman,3.0,2,0,0,0,11,12,109.090909090909,0,0.09655885900086773
Mohammed Siraj,5.66666666666666,2,1,0,0,38,34,89.4736842105263,0,0.09609204162358478
D Shorey,8.0,0,1,0,0,20,16,80.0,0,0.09560502963006591
MJ McClenaghan,3.5,4,1,0,0,28,28,100.0,0,0.09555072933840075
T Curran,6.0,3,0,0,0,28,24,85.7142857142857,0,0.09332761910980171
K Rabada,3.75,0,1,0,0,15,15,100.0,0,0.09287488429442367
Anureet Singh,4.0,0,0,0,0,4,4,100.0,0,0.09188555616684377
JJ Bumrah,3.0,1,0,0,0,12,12,100.0,0,0.0891636129625025
CR Woakes,4.25,1,1,0,0,19,17,89.4736842105263,0,0.08789044380233792
Mohammed Shami,2.66666666666666,1,0,0,0,8,8,100.0,0,0.08738579501859332
B Kumar,4.0,2,0,0,0,37,32,86.4864864864865,0,0.08588121480913183
UT Yadav,3.3,4,1,0,0,38,33,86.8421052631579,0,0.08547455535063914
K Paul,4.4,1,1,0,0,26,22,84.6153846153846,0,0.08541445044075556
S Mavi,4.33333333333333,1,0,0,0,15,13,86.6666666666666,0,0.08481212332723241
CJ Anderson,5.66666666666666,0,1,0,0,22,17,77.2727272727272,0,0.08405447566677371
Imran Tahir,2.0,0,0,0,0,2,2,100.0,0,0.08343131019351366
S Nadeem,6.0,0,0,0,0,8,6,75.0,0,0.08163567369980686
Kuldeep Yadav,4.33333333333333,2,0,0,0,33,26,78.7878787878787,0,0.08092519322502506
A Dananjaya,4.0,0,0,0,0,5,4,80.0,0,0.07690849194666025
H Viljoen,2.0,1,0,0,0,7,6,85.7142857142857,0,0.07374226238452167
N Naik,8.0,1,0,0,0,17,8,47.0588235294117,0,0.06989458777891129
AS Rajpoot,4.0,1,0,0,0,18,12,66.6666666666666,0,0.06842777509669723
P Negi,2.16666666666666,1,0,0,0,17,13,76.4705882352941,0,0.0682700832435286
MM Sharma,2.4,1,0,0,0,16,12,75.0,0,0.06802942760859108
I Sodhi,5.0,0,1,0,0,18,10,55.5555555555555,0,0.0643803438618955
N Saini,1.5,0,0,0,0,4,3,75.0,0,0.06274154777705158
BB Sran,1.75,0,0,0,0,10,7,70.0,0,0.06047135832598578
M Wood,3.0,0,0,0,0,5,3,60.0,0,0.0577043047398117
J Suchith,6.0,0,0,0,0,15,6,40.0,0,0.05554622415852242
Basil Thampi,2.0,0,0,0,0,7,4,57.1428571428571,0,0.05155841145284461
R Bhui,4.0,0,0,0,0,18,8,44.4444444444444,0,0.05085054942381938
M Ashwin,1.0,0,0,0,0,7,4,57.1428571428571,0,0.047431863997548875
H Vihari,2.0,0,0,0,0,8,4,50.0,0,0.04622420437551829
NV Ojha,2.0,0,0,0,0,4,2,50.0,0,0.04597718175314665
VR Aaron,3.0,0,0,0,0,7,3,42.8571428571428,0,0.04489303344230181
YS Chahal,1.75,0,0,0,0,20,7,35.0,0,0.03445071612415089
A Turner,1.0,0,0,0,0,11,4,36.3636363636363,0,0.03193919153239931
Mustafizur Rahman,1.0,0,0,0,0,3,1,33.3333333333333,0,0.02925005876648156
L Plunkett,0.5,0,0,0,0,3,1,33.3333333333333,0,0.027186785038833695
B Laughlin,0.5,0,0,0,0,4,1,25.0,0,0.020959720818650225
H Gurney,1.0,0,0,0,0,5,1,20.0,0,0.019295930326114603
PJ Sangwan,1.0,0,0,0,0,5,1,20.0,0,0.019295930326114603
S Kaul,0.75,0,0,0,0,15,3,20.0,0,0.018648930763561396
P Krishna,0.5,0,0,0,0,7,1,14.2857142857142,0,0.012992813872385406
Sandeep Sharma,0.0,0,0,0,0,4,0,0.0,0,6.880733944954129e-05
J Denly,0.0,0,0,0,0,1,0,0.0,0,0.0
S Lamichhane,0.0,0,0,0,0,1,0,0.0,0,0.0
P Raj,0.0,0,0,0,0,1,0,0.0,0,0.0
K Ahmed,0.0,0,0,0,0,1,0,0.0,0,0.0
